R²,MAE,RMSE,Model
0.6227628641452077,1490352.2284101045,2341070.6436387203,Linear Regression
0.9367044941757381,559814.2258891277,958945.0839604699,Random Forest
-0.14014132406021873,2355970.8394442517,4069927.2198630734,SVR
0.810302454621248,1049090.6130670086,1660114.9298002352,GradientBoosting
0.930064605439247,636481.2704514783,1007989.050131908,XGBoost
0.8875269907551327,777219.38614186,1278296.080014522,LightGBM
0.5504207840112343,2313835.8603558703,2555703.1747866105,AdaBoost
